request_id,phase_type,t_start,t_end,prefill_tokens,decode_tokens
cmpl-17a03b567dc44eab82899828289f0b8a,prefill,0.0,0.031184911727905273,4509,0
cmpl-17a03b567dc44eab82899828289f0b8a,decode,0.031184911727905273,3.3669254779815674,0,1024
cmpl-7ef8dc1eefe74268956550e772b2ecf2,prefill,1.3492233753204346,1.3691675662994385,3246,0
cmpl-7ef8dc1eefe74268956550e772b2ecf2,decode,1.3691675662994385,4.530332565307617,0,956
cmpl-061aff857abe44e2b0e5b8d2a61c481c,prefill,2.703897476196289,2.749208450317383,5198,0
cmpl-061aff857abe44e2b0e5b8d2a61c481c,decode,2.749208450317383,6.157394886016846,0,1024
cmpl-f73908f133d4402fb44c59d2c4f9cf81,prefill,4.049365282058716,4.067814588546753,2312,0
cmpl-f73908f133d4402fb44c59d2c4f9cf81,decode,4.067814588546753,7.483283042907715,0,1024
cmpl-06d1338c5ae34d0787739c409fabd975,prefill,5.4104039669036865,5.45771050453186,7168,0
cmpl-06d1338c5ae34d0787739c409fabd975,decode,5.45771050453186,8.870873212814331,0,1024
cmpl-7b3bfe0cad3d42e5a0cb5c1d9965acdb,prefill,6.750779151916504,6.772133111953735,878,0
cmpl-7b3bfe0cad3d42e5a0cb5c1d9965acdb,decode,6.772133111953735,9.157366275787354,0,721
cmpl-383a46cdf677455ca7f6acf2085ac01a,prefill,8.108362197875977,8.134679794311523,3722,0
cmpl-383a46cdf677455ca7f6acf2085ac01a,decode,8.134679794311523,11.521920680999756,0,1024
cmpl-0bf30b6541964af7a77afac94cd45893,prefill,9.460631608963013,9.484210014343262,3747,0
cmpl-0bf30b6541964af7a77afac94cd45893,decode,9.484210014343262,11.948010921478271,0,747
cmpl-2739f1d4bd494d2aaaeef7fe59fb5975,prefill,10.817584753036499,10.863525867462158,6001,0
cmpl-2739f1d4bd494d2aaaeef7fe59fb5975,decode,10.863525867462158,14.229485988616943,0,1024
cmpl-05280e76ce4c470b9d59bd19622c6bfe,prefill,12.162720203399658,12.181825160980225,2699,0
cmpl-05280e76ce4c470b9d59bd19622c6bfe,decode,12.181825160980225,14.694437026977539,0,772
cmpl-8fdba794b31d4396b2a50ca14836b868,prefill,14.854123830795288,14.873316287994385,1428,0
cmpl-8fdba794b31d4396b2a50ca14836b868,decode,14.873316287994385,16.340405464172363,0,457
cmpl-d5fbb28ca73e448ba08907a5c678b3af,prefill,13.50599193572998,13.520469665527344,1660,0
cmpl-d5fbb28ca73e448ba08907a5c678b3af,decode,13.520469665527344,16.836166381835938,0,1024
cmpl-b52bbdff803344cb96528c8b841b5013,prefill,17.56534767150879,17.607868671417236,5640,0
cmpl-b52bbdff803344cb96528c8b841b5013,decode,17.607868671417236,18.092548847198486,0,151
cmpl-f63388e9ab1847e3b3d0633a89b103e9,prefill,16.2136652469635,16.24157214164734,4100,0
cmpl-f63388e9ab1847e3b3d0633a89b103e9,decode,16.24157214164734,18.93012046813965,0,833
cmpl-7bbfacd92d3d48f583d72990c2840638,prefill,18.912517786026,18.928995847702026,2681,0
cmpl-7bbfacd92d3d48f583d72990c2840638,decode,18.928995847702026,22.25667381286621,0,1024
cmpl-0366176c2e0d4ccb89a146fed1237b10,prefill,20.267021417617798,20.29060983657837,3594,0
cmpl-0366176c2e0d4ccb89a146fed1237b10,decode,20.29060983657837,23.18988823890686,0,867
cmpl-22e4cd8a027441c7826243db43ddf4a8,prefill,22.9731125831604,23.01375126838684,5161,0
cmpl-22e4cd8a027441c7826243db43ddf4a8,decode,23.01375126838684,24.66550350189209,0,491
cmpl-2c866acc630c41ec9aca80fdf2a9db25,prefill,21.6224627494812,21.66859722137451,7168,0
cmpl-2c866acc630c41ec9aca80fdf2a9db25,decode,21.66859722137451,25.10977339744568,0,1024
cmpl-29c6af7d715745e5b194538ade237361,prefill,24.321077585220337,24.360391855239868,5262,0
cmpl-29c6af7d715745e5b194538ade237361,decode,24.360391855239868,27.73403286933899,0,1024
cmpl-63fb1c28de3941839e6e48cc6bb2357f,prefill,27.015745162963867,27.0497829914093,4508,0
cmpl-63fb1c28de3941839e6e48cc6bb2357f,decode,27.0497829914093,28.54952907562256,0,453
cmpl-a48c9124cea546caab429e3ae16df4aa,prefill,25.668087005615234,25.68876838684082,2597,0
cmpl-a48c9124cea546caab429e3ae16df4aa,decode,25.68876838684082,29.042054891586304,0,1024
cmpl-5b777aad26904d46b88e74e6cf089020,prefill,29.721346378326416,29.766090869903564,4654,0
cmpl-5b777aad26904d46b88e74e6cf089020,decode,29.766090869903564,32.914838552474976,0,979
cmpl-a9c9a130c56d4db2aa3de274fb8bb3da,prefill,31.07322072982788,31.093698978424072,3195,0
cmpl-a9c9a130c56d4db2aa3de274fb8bb3da,decode,31.093698978424072,34.38855576515198,0,1024
cmpl-6bc6a02cabb1416284e1f6c19a316861,prefill,32.416149854660034,32.42090678215027,2,0
cmpl-6bc6a02cabb1416284e1f6c19a316861,decode,32.42090678215027,35.58767318725586,0,1001
cmpl-285e2db504064dd1a3d85380ccaa8cf0,prefill,38.188628911972046,38.19352579116821,257,0
cmpl-285e2db504064dd1a3d85380ccaa8cf0,decode,38.19352579116821,39.96680927276611,0,566
cmpl-f721293eb12f4bc1b8c4aafdabd1151d,prefill,40.24057745933533,40.28278827667236,4619,0
cmpl-f721293eb12f4bc1b8c4aafdabd1151d,decode,40.28278827667236,41.16357898712158,0,276
cmpl-218e935873754d7ab686622fa4498237,prefill,39.215741872787476,39.235856771469116,3104,0
cmpl-218e935873754d7ab686622fa4498237,decode,39.235856771469116,42.60369324684143,0,1024
cmpl-ff0d8e0f1f634f13ac32dd8e03f21a0e,prefill,41.257619857788086,41.28288006782532,3835,0
cmpl-ff0d8e0f1f634f13ac32dd8e03f21a0e,decode,41.28288006782532,44.248255491256714,0,881
cmpl-e8645c3c610e4b0b899fba48caa0201b,prefill,43.30787706375122,43.35573744773865,6366,0
cmpl-e8645c3c610e4b0b899fba48caa0201b,decode,43.35573744773865,44.97051548957825,0,474
cmpl-f841bcd3820e4b2baf8179821aa65a14,prefill,42.28490424156189,42.331003189086914,7168,0
cmpl-f841bcd3820e4b2baf8179821aa65a14,decode,42.331003189086914,45.18040466308594,0,838
cmpl-1c3dee0649f44347bd06a11b1a2403b9,prefill,44.32616877555847,44.35500955581665,4280,0
cmpl-1c3dee0649f44347bd06a11b1a2403b9,decode,44.35500955581665,47.81110215187073,0,1024
cmpl-f44d21f1ce244e82a3604158d4212775,prefill,45.3511118888855,45.39488124847412,6443,0
cmpl-f44d21f1ce244e82a3604158d4212775,decode,45.39488124847412,48.58970856666565,0,949
cmpl-f51be1386ccd4698a02b6b629e2d915f,prefill,47.390987157821655,47.41700887680054,3664,0
cmpl-f51be1386ccd4698a02b6b629e2d915f,decode,47.41700887680054,50.86402916908264,0,1024
cmpl-478f5555a2b54d8f97bb52dfb871d374,prefill,50.45444059371948,50.49220824241638,4723,0
cmpl-478f5555a2b54d8f97bb52dfb871d374,decode,50.49220824241638,51.13100290298462,0,191
cmpl-b5fcfe43b7614ba0939e02013f9191b9,prefill,48.41048288345337,48.450026512145996,4662,0
cmpl-b5fcfe43b7614ba0939e02013f9191b9,decode,48.450026512145996,51.88022541999817,0,1024
cmpl-8041cf6c438644d49459d5ce9c1d3d5d,prefill,49.42733359336853,49.45046877861023,3359,0
cmpl-8041cf6c438644d49459d5ce9c1d3d5d,decode,49.45046877861023,52.907129764556885,0,1024
cmpl-522636d7cfd7457583c92c81bd3b712c,prefill,52.49846029281616,52.54851675033569,6913,0
cmpl-522636d7cfd7457583c92c81bd3b712c,decode,52.54851675033569,53.90608835220337,0,402
cmpl-021510676fb14826939376a6a4f94567,prefill,51.468055963516235,51.48969483375549,1957,0
cmpl-021510676fb14826939376a6a4f94567,decode,51.48969483375549,54.795841217041016,0,985
cmpl-f70e916969b64e79bd96a9b6513c4f69,prefill,54.53216814994812,54.55056071281433,1785,0
cmpl-f70e916969b64e79bd96a9b6513c4f69,decode,54.55056071281433,56.225602865219116,0,503
cmpl-3e7ed3a98d0f48ff90366af0c5799d10,prefill,53.52065443992615,53.56615114212036,5782,0
cmpl-3e7ed3a98d0f48ff90366af0c5799d10,decode,53.56615114212036,56.97648763656616,0,1024
cmpl-558baea81f2b4286b96ee646d44617ca,prefill,55.559879302978516,55.60033583641052,5797,0
cmpl-558baea81f2b4286b96ee646d44617ca,decode,55.60033583641052,59.01591968536377,0,1024
cmpl-9a2fb6f070f1484988a56e1a8cc48de5,prefill,57.604262590408325,57.65076780319214,6839,0
cmpl-9a2fb6f070f1484988a56e1a8cc48de5,decode,57.65076780319214,59.5450541973114,0,575
cmpl-f765c60f527f4aceb02cce9d0b3a1417,prefill,58.61521792411804,58.63260340690613,1766,0
cmpl-f765c60f527f4aceb02cce9d0b3a1417,decode,58.63260340690613,60.27466702461243,0,511
cmpl-b12ffa03c59b402c8f5ce37cbd4c62ed,prefill,59.63543939590454,59.63923096656799,2,0
cmpl-b12ffa03c59b402c8f5ce37cbd4c62ed,decode,59.63923096656799,62.37257957458496,0,839
cmpl-06177746d4ac4e7fa0e07a845c2006cb,prefill,60.6675226688385,60.696324586868286,4394,0
cmpl-06177746d4ac4e7fa0e07a845c2006cb,decode,60.696324586868286,62.6975679397583,0,608
cmpl-3bd30fd5247f43c0bf1256a2e8493467,prefill,61.68763971328735,61.728649854660034,5182,0
cmpl-3bd30fd5247f43c0bf1256a2e8493467,decode,61.728649854660034,64.48997259140015,0,842
cmpl-f718e08a865d4383b5a7bdb6d634c8a6,prefill,62.70814633369446,62.73797821998596,4507,0
cmpl-f718e08a865d4383b5a7bdb6d634c8a6,decode,62.73797821998596,65.29115581512451,0,796
cmpl-7b9fe4d2f1054231860a6ab57b8ff330,prefill,68.53057432174683,68.56886100769043,5429,0
cmpl-7b9fe4d2f1054231860a6ab57b8ff330,decode,68.56886100769043,70.15650200843811,0,483
cmpl-529e5527bed2489c937e2c242dfea479,prefill,67.70368504524231,67.72266054153442,2376,0
cmpl-529e5527bed2489c937e2c242dfea479,decode,67.72266054153442,70.60180997848511,0,873
cmpl-5040afb37d7e4b7da7daa5d231887b9e,prefill,70.17173433303833,70.19893074035645,3905,0
cmpl-5040afb37d7e4b7da7daa5d231887b9e,decode,70.19893074035645,71.21559143066406,0,302
cmpl-7c0ce5ce6dfb4b16af67007766506a43,prefill,69.34351754188538,69.36169934272766,881,0
cmpl-7c0ce5ce6dfb4b16af67007766506a43,decode,69.36169934272766,72.47907519340515,0,932
cmpl-d19e02a9fb0547e48866c749ed200205,prefill,70.99394035339355,71.04132461547852,6483,0
cmpl-d19e02a9fb0547e48866c749ed200205,decode,71.04132461547852,73.5499153137207,0,761
cmpl-865bff5a555948fc92d4ccbbb1068aaa,prefill,71.80938601493835,71.82735753059387,1868,0
cmpl-865bff5a555948fc92d4ccbbb1068aaa,decode,71.82735753059387,75.20002913475037,0,1024
cmpl-77504e59c46847bd9a757c0972dc12ce,prefill,74.26823401451111,74.27210021018982,2,0
cmpl-77504e59c46847bd9a757c0972dc12ce,decode,74.27210021018982,75.47293257713318,0,361
cmpl-41f065834fa14f078123cf4f3bf452a7,prefill,72.62583041191101,72.62967991828918,2,0
cmpl-41f065834fa14f078123cf4f3bf452a7,decode,72.62967991828918,76.0383985042572,0,1024
cmpl-d9bfc05e3f3346ae8b4af3731a3537d4,prefill,73.44582414627075,73.45124840736389,455,0
cmpl-d9bfc05e3f3346ae8b4af3731a3537d4,decode,73.45124840736389,76.5634298324585,0,932
cmpl-a804366dd06a47f6a4bb750eaa2ff654,prefill,75.91961932182312,75.96693778038025,7168,0
cmpl-a804366dd06a47f6a4bb750eaa2ff654,decode,75.96693778038025,77.61085796356201,0,471
cmpl-bf1dddba80904c07b54f0db31086c20f,prefill,76.74258637428284,76.78897881507874,7168,0
cmpl-bf1dddba80904c07b54f0db31086c20f,decode,76.78897881507874,77.93284463882446,0,333
cmpl-732f420f3db94641b5e86757b882b3e6,prefill,75.09948682785034,75.1288628578186,4426,0
cmpl-732f420f3db94641b5e86757b882b3e6,decode,75.1288628578186,78.63801336288452,0,1024
cmpl-61fadcc270f144dfa42c343dd888db4f,prefill,77.55588698387146,77.5794448852539,3690,0
cmpl-61fadcc270f144dfa42c343dd888db4f,decode,77.5794448852539,80.39201402664185,0,834
cmpl-025b1b680a7d4b3ab1d30bf3cb934a47,prefill,78.37503695487976,78.39032769203186,1510,0
cmpl-025b1b680a7d4b3ab1d30bf3cb934a47,decode,78.39032769203186,80.715158700943,0,688
cmpl-d21997b972804ee2af4edb66d9d1fbe4,prefill,80.02062892913818,80.03934383392334,2331,0
cmpl-d21997b972804ee2af4edb66d9d1fbe4,decode,80.03934383392334,82.2793881893158,0,651
cmpl-c3d1f28b63b44fb7a82455c225d27991,prefill,81.65831899642944,81.6770920753479,2017,0
cmpl-c3d1f28b63b44fb7a82455c225d27991,decode,81.6770920753479,82.6309244632721,0,269
cmpl-5037cf46af894890ba33b5a12af02629,prefill,79.20390224456787,79.2498369216919,7168,0
cmpl-5037cf46af894890ba33b5a12af02629,decode,79.2498369216919,82.80233335494995,0,1024
cmpl-997ea09bd1cd459697d24e060203ca16,prefill,83.30769157409668,83.33601093292236,4245,0
cmpl-997ea09bd1cd459697d24e060203ca16,decode,83.33601093292236,83.92041444778442,0,175
cmpl-3f9d6476c47042b98fe93a349c36c313,prefill,80.8477201461792,80.89310455322266,6179,0
cmpl-3f9d6476c47042b98fe93a349c36c313,decode,80.89310455322266,84.41974329948425,0,1024
cmpl-9f349617a7ad4a91813d8099dfeac136,prefill,82.49002504348755,82.53662180900574,7168,0
cmpl-9f349617a7ad4a91813d8099dfeac136,decode,82.53662180900574,85.02135753631592,0,731
cmpl-e7fccd2bf9f44eab980ef3943dd019a0,prefill,85.76479840278625,85.78747773170471,2540,0
cmpl-e7fccd2bf9f44eab980ef3943dd019a0,decode,85.78747773170471,86.67319655418396,0,264
cmpl-7c491e1529874a579ded193b7fd633dd,prefill,84.1209819316864,84.13891315460205,2056,0
cmpl-7c491e1529874a579ded193b7fd633dd,decode,84.13891315460205,87.23066806793213,0,926
cmpl-ecb6d6bf786d4ec1968d320fe294e058,prefill,84.9462251663208,84.97293829917908,3694,0
cmpl-ecb6d6bf786d4ec1968d320fe294e058,decode,84.97293829917908,87.5329520702362,0,766
cmpl-13762a6f0f84410fa966e24fe67f37fc,prefill,87.41124486923218,87.43468952178955,3478,0
cmpl-13762a6f0f84410fa966e24fe67f37fc,decode,87.43468952178955,88.35406470298767,0,286
cmpl-871bc7069add4ea991595e172560e81e,prefill,86.5881986618042,86.6124815940857,3711,0
cmpl-871bc7069add4ea991595e172560e81e,decode,86.6124815940857,89.90534090995789,0,1024
cmpl-ca41cfa0ea994ee9b7612111530c52cd,prefill,92.8498866558075,92.86613154411316,1917,0
cmpl-ca41cfa0ea994ee9b7612111530c52cd,decode,92.86613154411316,94.7017810344696,0,546
cmpl-e41db297f552420a956387e368ecb0fe,prefill,93.54164791107178,93.56944298744202,4158,0
cmpl-e41db297f552420a956387e368ecb0fe,decode,93.56944298744202,94.87631869316101,0,388
cmpl-a37a855264794ce7a0423b4821623cd7,prefill,92.17317199707031,92.22132706642151,7168,0
cmpl-a37a855264794ce7a0423b4821623cd7,decode,92.22132706642151,95.68958401679993,0,1024
cmpl-c1321894d517479792a026e65971a7f1,prefill,94.91783452033997,94.95845770835876,5627,0
cmpl-c1321894d517479792a026e65971a7f1,decode,94.95845770835876,97.44460010528564,0,721
cmpl-bb16a19cb3624b0d831a443e184821b8,prefill,94.22281575202942,94.23894500732422,1012,0
cmpl-bb16a19cb3624b0d831a443e184821b8,decode,94.23894500732422,97.79345631599426,0,1024
cmpl-7e87e1886f5e46c29408460f9d48f0fb,prefill,95.59756445884705,95.61839413642883,3305,0
cmpl-7e87e1886f5e46c29408460f9d48f0fb,decode,95.61839413642883,97.95645761489868,0,676
cmpl-cfaf0af4baeb462eb54a85ce700be240,prefill,96.28487229347229,96.30461740493774,2938,0
cmpl-cfaf0af4baeb462eb54a85ce700be240,decode,96.30461740493774,99.86172103881836,0,1024
cmpl-ae11b95276f848328f315883e8f85fe4,prefill,96.97626447677612,97.01738286018372,6018,0
cmpl-ae11b95276f848328f315883e8f85fe4,decode,97.01738286018372,99.86485958099365,0,823
cmpl-2a4347309e3e4b2b9ca0784e06b7bac3,prefill,97.6546094417572,97.67121601104736,1303,0
cmpl-2a4347309e3e4b2b9ca0784e06b7bac3,decode,97.67121601104736,100.0698516368866,0,699
cmpl-82c5abc575d94a9fbf2fe3a36c6df638,prefill,98.34329652786255,98.36406517028809,1853,0
cmpl-82c5abc575d94a9fbf2fe3a36c6df638,decode,98.36406517028809,101.26286721229553,0,840
cmpl-cc4be9998d0a42beb748005ec39b2b2d,prefill,99.02967143058777,99.04795575141907,2755,0
cmpl-cc4be9998d0a42beb748005ec39b2b2d,decode,99.04795575141907,102.45038509368896,0,991
cmpl-9e7b13a72b7f4e9686f0fe92b07c52c9,prefill,99.71184015274048,99.72670936584473,1167,0
cmpl-9e7b13a72b7f4e9686f0fe92b07c52c9,decode,99.72670936584473,103.29445838928223,0,1024
cmpl-f25135a5e615484abb44e5de6a7c017d,prefill,100.40390110015869,100.4416675567627,4650,0
cmpl-f25135a5e615484abb44e5de6a7c017d,decode,100.4416675567627,104.03378462791443,0,1024
cmpl-1b9c12f288cc4db880310d602c3d0be9,prefill,102.46618151664734,102.48976373672485,3672,0
cmpl-1b9c12f288cc4db880310d602c3d0be9,decode,102.48976373672485,104.59525275230408,0,585
cmpl-b036bda3be3b457fa8cd5254789d5e30,prefill,101.09157180786133,101.11478304862976,3864,0
cmpl-b036bda3be3b457fa8cd5254789d5e30,decode,101.11478304862976,104.73331141471863,0,1024
cmpl-a49679ad2f5f4a3898ad9d9d5610e8d2,prefill,101.77444362640381,101.77960896492004,376,0
cmpl-a49679ad2f5f4a3898ad9d9d5610e8d2,decode,101.77960896492004,105.04075694084167,0,919
cmpl-5a587ee75f7042ef824cdf65da5efe10,prefill,103.83298134803772,103.85098147392273,846,0
cmpl-5a587ee75f7042ef824cdf65da5efe10,decode,103.85098147392273,105.8196861743927,0,566
cmpl-36db7707be594935a37aa532a92ae400,prefill,104.52460813522339,104.55282282829285,4162,0
cmpl-36db7707be594935a37aa532a92ae400,decode,104.55282282829285,106.28060269355774,0,500
cmpl-aa20c0562381468788a2fc3418ded0b1,prefill,103.15684533119202,103.20424962043762,7168,0
cmpl-aa20c0562381468788a2fc3418ded0b1,decode,103.20424962043762,106.61768054962158,0,971
cmpl-e0f484f9794f4a6ebc6aa4df575fe0b9,prefill,105.20889854431152,105.22924017906189,3156,0
cmpl-e0f484f9794f4a6ebc6aa4df575fe0b9,decode,105.22924017906189,108.79875302314758,0,1024
cmpl-a8d9f3670aa94153ab44c5db61522997,prefill,105.89689016342163,105.9247477054596,4128,0
cmpl-a8d9f3670aa94153ab44c5db61522997,decode,105.9247477054596,109.18215656280518,0,936
cmpl-5fa7e08fc5f14c95bcf3315c53fbf410,prefill,107.95919513702393,108.00789403915405,6211,0
cmpl-5fa7e08fc5f14c95bcf3315c53fbf410,decode,108.00789403915405,109.42625117301941,0,407
cmpl-a14cee484d8540a19bee48c84e82631c,prefill,107.26150679588318,107.2773323059082,818,0
cmpl-a14cee484d8540a19bee48c84e82631c,decode,107.2773323059082,109.6029405593872,0,667
cmpl-3791a8a927b24e39a76d2aebda60b4c5,prefill,106.58074021339417,106.60252547264099,3329,0
cmpl-3791a8a927b24e39a76d2aebda60b4c5,decode,106.60252547264099,110.10116338729858,0,1024
cmpl-c5ffb4c376fc447190224a4dd91343b0,prefill,108.63558197021484,108.65877866744995,928,0
cmpl-c5ffb4c376fc447190224a4dd91343b0,decode,108.65877866744995,110.48406934738159,0,559
cmpl-d7cbab0eb8814209886ec852e7ad4368,prefill,113.26143312454224,113.29972553253174,5015,0
cmpl-d7cbab0eb8814209886ec852e7ad4368,decode,113.29972553253174,115.50334811210632,0,641
cmpl-35251aed22f94409b02386a8a7e78843,prefill,115.0329077243805,115.07617115974426,6324,0
cmpl-35251aed22f94409b02386a8a7e78843,decode,115.07617115974426,116.49687480926514,0,396
cmpl-05932ed22efe4739987345681943b59b,prefill,112.9091444015503,112.92833471298218,2231,0
cmpl-05932ed22efe4739987345681943b59b,decode,112.92833471298218,116.50186514854431,0,1024
cmpl-d02be59641314c70a043fab3e2807d30,prefill,114.43846678733826,114.45697975158691,2882,0
cmpl-d02be59641314c70a043fab3e2807d30,decode,114.45697975158691,117.25739669799805,0,789
cmpl-8b10f2cee2d54f71a8cf0939fc2e5af4,prefill,113.84921550750732,113.86953163146973,2993,0
cmpl-8b10f2cee2d54f71a8cf0939fc2e5af4,decode,113.86953163146973,117.48039984703064,0,1024
cmpl-f5200ceb7a4c4742927cd6480471bf88,prefill,115.620845079422,115.64154148101807,3104,0
cmpl-f5200ceb7a4c4742927cd6480471bf88,decode,115.64154148101807,119.26841688156128,0,1011
cmpl-fd7573c71cb842929142db9065b5f5e9,prefill,117.38719320297241,117.40484619140625,2328,0
cmpl-fd7573c71cb842929142db9065b5f5e9,decode,117.40484619140625,119.48736524581909,0,575
cmpl-7fb58c98bcc947a78441e262b6327fdf,prefill,116.21076130867004,116.240562915802,4455,0
cmpl-7fb58c98bcc947a78441e262b6327fdf,decode,116.240562915802,119.93183612823486,0,1024
cmpl-6f79dacac61648e8968644b0c615131a,prefill,118.57249546051025,118.61277389526367,5763,0
cmpl-6f79dacac61648e8968644b0c615131a,decode,118.61277389526367,119.98476004600525,0,367
cmpl-8467cdbce20b430aac6a9149af259c9c,prefill,116.79738879203796,116.81531739234924,1441,0
cmpl-8467cdbce20b430aac6a9149af259c9c,decode,116.81531739234924,120.50659561157227,0,1024
cmpl-9b12f3f898d749c1bdd940bb4aad2226,prefill,117.98071336746216,118.00465941429138,3613,0
cmpl-9b12f3f898d749c1bdd940bb4aad2226,decode,118.00465941429138,121.75446844100952,0,1024
cmpl-6ab967d0f8bf4d728d673c7b2a7f66bf,prefill,120.93411588668823,120.97820401191711,6433,0
cmpl-6ab967d0f8bf4d728d673c7b2a7f66bf,decode,120.97820401191711,121.92925000190735,0,265
cmpl-749038ff669343baa50d904cfcee3c43,prefill,119.16658401489258,119.21570134162903,7168,0
cmpl-749038ff669343baa50d904cfcee3c43,decode,119.21570134162903,122.93565678596497,0,1024
cmpl-e2b86d7186e24a3fb6710d4ac173b6ed,prefill,119.74968218803406,119.77808904647827,4097,0
cmpl-e2b86d7186e24a3fb6710d4ac173b6ed,decode,119.77808904647827,123.50049567222595,0,1024
cmpl-111a77c02a644203abc4eedca9a5140a,prefill,120.3363606929779,120.35598611831665,2425,0
cmpl-111a77c02a644203abc4eedca9a5140a,decode,120.35598611831665,124.08720707893372,0,1024
cmpl-8310883f8a994b4f9ceabd80519d6d4d,prefill,123.29170775413513,123.33548736572266,6208,0
cmpl-8310883f8a994b4f9ceabd80519d6d4d,decode,123.33548736572266,124.68950033187866,0,370
cmpl-5a95b75a80d0478bb767107469ff407e,prefill,123.87626338005066,123.90533947944641,4355,0
cmpl-5a95b75a80d0478bb767107469ff407e,decode,123.90533947944641,125.18685412406921,0,347
cmpl-ccdcfcdbc4d74560825f18c5db8c4b40,prefill,121.51215100288391,121.52919626235962,2000,0
cmpl-ccdcfcdbc4d74560825f18c5db8c4b40,decode,121.52919626235962,125.28355121612549,0,1024
cmpl-81ee5bb391a348318a2b87885114e8d3,prefill,122.10812044143677,122.13640356063843,4182,0
cmpl-81ee5bb391a348318a2b87885114e8d3,decode,122.13640356063843,125.28074979782104,0,856
cmpl-d7ad24f2e77d47dbab48e752bee1b374,prefill,122.69431829452515,122.72201418876648,3700,0
cmpl-d7ad24f2e77d47dbab48e752bee1b374,decode,122.72201418876648,125.63955426216125,0,802
cmpl-65bcc7b4904c4f0dbf295522f4e3f54e,prefill,125.05627298355103,125.09359097480774,4622,0
cmpl-65bcc7b4904c4f0dbf295522f4e3f54e,decode,125.09359097480774,126.47032284736633,0,409
cmpl-43dff356e67d4c5eb24fd13e69e1b6ff,prefill,126.82306122779846,126.84036612510681,2295,0
cmpl-43dff356e67d4c5eb24fd13e69e1b6ff,decode,126.84036612510681,127.7088418006897,0,265
cmpl-f74dafafc425478f8cb085dc5b5231b4,prefill,124.46844816207886,124.50564408302307,4642,0
cmpl-f74dafafc425478f8cb085dc5b5231b4,decode,124.50564408302307,127.9749927520752,0,1024
cmpl-86b3e6fbe6dd44ccaccd8e270ef60d53,prefill,126.2301595211029,126.2423324584961,1533,0
cmpl-86b3e6fbe6dd44ccaccd8e270ef60d53,decode,126.2423324584961,129.52993822097778,0,1024
cmpl-dfb9d822e03b4949b496294597a74bcb,prefill,132.15076565742493,132.19487309455872,5857,0
cmpl-dfb9d822e03b4949b496294597a74bcb,decode,132.19487309455872,133.63047242164612,0,407
cmpl-24c32ccd04834f60916f7684bc9c3fb1,prefill,133.1857771873474,133.22862768173218,6172,0
cmpl-24c32ccd04834f60916f7684bc9c3fb1,decode,133.22862768173218,135.0600516796112,0,517
cmpl-eb3889dcfaf4435a8169a1de2a98a8cd,prefill,131.62816667556763,131.65009188652039,3443,0
cmpl-eb3889dcfaf4435a8169a1de2a98a8cd,decode,131.65009188652039,135.24809575080872,0,1023
cmpl-50ba104371f24d30997fde5463d1a4a6,prefill,132.6652798652649,132.70229601860046,4633,0
cmpl-50ba104371f24d30997fde5463d1a4a6,decode,132.70229601860046,136.39508056640625,0,1023
cmpl-5ab1209de8a849bea85b1937f49c42aa,prefill,134.21677827835083,134.24684500694275,4553,0
cmpl-5ab1209de8a849bea85b1937f49c42aa,decode,134.24684500694275,137.16189789772034,0,806
cmpl-878e69f59bd24891bddcb324fdd0b5b0,prefill,135.77019453048706,135.8146035671234,6709,0
cmpl-878e69f59bd24891bddcb324fdd0b5b0,decode,135.8146035671234,137.81456017494202,0,558
cmpl-50a1384f1d59470d9cadf7709d5c501c,prefill,134.72806906700134,134.74309706687927,1335,0
cmpl-50a1384f1d59470d9cadf7709d5c501c,decode,134.74309706687927,138.48397517204285,0,1024
cmpl-0a2fc0b295614782ad231c27d7dc0a4b,prefill,136.2754557132721,136.29114198684692,827,0
cmpl-0a2fc0b295614782ad231c27d7dc0a4b,decode,136.29114198684692,139.02048182487488,0,744
cmpl-f74e10d2d999412891492aabc0254bee,prefill,135.24938464164734,135.2900505065918,5595,0
cmpl-f74e10d2d999412891492aabc0254bee,decode,135.2900505065918,139.04273104667664,0,1024
cmpl-617bff8116af4385adb692d305e80123,prefill,137.83480834960938,137.88087129592896,6854,0
cmpl-617bff8116af4385adb692d305e80123,decode,137.88087129592896,140.14071369171143,0,611
cmpl-5646980431554f5b98aedb7194c90599,prefill,136.79298734664917,136.81418776512146,1236,0
cmpl-5646980431554f5b98aedb7194c90599,decode,136.81418776512146,140.58937311172485,0,1024
cmpl-fcc135fefa7742f8bdc94ad870f67b4a,prefill,137.3141062259674,137.33379411697388,2376,0
cmpl-fcc135fefa7742f8bdc94ad870f67b4a,decode,137.33379411697388,141.14034748077393,0,1024
cmpl-03852671e633494087682047bc14feed,prefill,139.38106393814087,139.40258717536926,3511,0
cmpl-03852671e633494087682047bc14feed,decode,139.40258717536926,141.17785501480103,0,476
cmpl-a18aea59ebad409ca912bc205bf7651e,prefill,140.41190910339355,140.42654657363892,1349,0
cmpl-a18aea59ebad409ca912bc205bf7651e,decode,140.42654657363892,141.33368158340454,0,246
cmpl-90fa5859aee84e8c83542c7bd5a8153a,prefill,138.86658334732056,138.90718269348145,5800,0
cmpl-90fa5859aee84e8c83542c7bd5a8153a,decode,138.90718269348145,141.5372347831726,0,706
cmpl-ca13e026624d43e7b7ddc797bac8eed6,prefill,138.34429717063904,138.35957741737366,1479,0
cmpl-ca13e026624d43e7b7ddc797bac8eed6,decode,138.35957741737366,142.1514847278595,0,1024
cmpl-a523a1e736f74459b5e7cb988608bb90,prefill,141.4509506225586,141.48819971084595,4626,0
cmpl-a523a1e736f74459b5e7cb988608bb90,decode,141.48819971084595,142.74835395812988,0,356
cmpl-11c502edb7864d10a9a6152ff85e4792,prefill,142.47766661643982,142.4931914806366,1543,0
cmpl-11c502edb7864d10a9a6152ff85e4792,decode,142.4931914806366,143.00981426239014,0,151
cmpl-8fe083cba5a241bf95c984f152575ab2,prefill,139.8992359638214,139.94198369979858,4862,0
cmpl-8fe083cba5a241bf95c984f152575ab2,decode,139.94198369979858,143.6522376537323,0,1024
cmpl-7683dcc3268345558d568b6b2d16776f,prefill,140.93871450424194,140.98583459854126,7168,0
cmpl-7683dcc3268345558d568b6b2d16776f,decode,140.98583459854126,144.6056067943573,0,1024
cmpl-0742aa4480a14386bef6a94e30988085,prefill,142.99417090415955,142.998122215271,2,0
cmpl-0742aa4480a14386bef6a94e30988085,decode,142.998122215271,144.6468894481659,0,474
cmpl-e2825075527642a7a7e1d6d17a89aa5a,prefill,141.9649064540863,141.98861694335938,3778,0
cmpl-e2825075527642a7a7e1d6d17a89aa5a,decode,141.98861694335938,145.4796164035797,0,1024
cmpl-2bdc12a31ce7431d8b2ee349e06be147,prefill,144.02680158615112,144.03921508789062,823,0
cmpl-2bdc12a31ce7431d8b2ee349e06be147,decode,144.03921508789062,147.18637895584106,0,995
cmpl-79859bf284c642d0a712553afff4a18d,prefill,149.23294496536255,149.28031516075134,7168,0
cmpl-79859bf284c642d0a712553afff4a18d,decode,149.28031516075134,151.9935324192047,0,790
cmpl-be47f90e2b0b407383ae8e695e971458,prefill,149.6831340789795,149.69921255111694,1533,0
cmpl-be47f90e2b0b407383ae8e695e971458,decode,149.69921255111694,152.63788986206055,0,824
cmpl-93766962e5a04f34bbae874488c915fa,prefill,150.6020543575287,150.60590386390686,2,0
cmpl-93766962e5a04f34bbae874488c915fa,decode,150.60590386390686,153.8806984424591,0,874
cmpl-2dfabc5b50c84cbaaab0f5103e208891,prefill,150.14474868774414,150.16225910186768,2084,0
cmpl-2dfabc5b50c84cbaaab0f5103e208891,decode,150.16225910186768,153.9401981830597,0,1024
cmpl-371930b7fcad424a84f6e42b4d551b0b,prefill,152.4556303024292,152.50228142738342,7168,0
cmpl-371930b7fcad424a84f6e42b4d551b0b,decode,152.50228142738342,154.78620171546936,0,590
cmpl-e4915b401af244d3b623756955242d45,prefill,151.0688009262085,151.092933177948,3530,0
cmpl-e4915b401af244d3b623756955242d45,decode,151.092933177948,155.01088666915894,0,1024
cmpl-8cd622c50e514bb895cc01685f5d3e98,prefill,151.5293653011322,151.56699776649475,4613,0
cmpl-8cd622c50e514bb895cc01685f5d3e98,decode,151.56699776649475,155.50445890426636,0,1024
cmpl-6b1adc75185048d3abab7fdb35a953d9,prefill,154.28920817375183,154.33068776130676,5675,0
cmpl-6b1adc75185048d3abab7fdb35a953d9,decode,154.33068776130676,155.84277892112732,0,395
cmpl-d6dc895a9ed64390ae82e3a8bc9e1db6,prefill,151.99355006217957,152.03195643424988,5379,0
cmpl-d6dc895a9ed64390ae82e3a8bc9e1db6,decode,152.03195643424988,155.96367764472961,0,1024
cmpl-2a7256a24e7a4e7da0e5ea6c6fab6706,prefill,152.90471768379211,152.92293858528137,2289,0
cmpl-2a7256a24e7a4e7da0e5ea6c6fab6706,decode,152.92293858528137,156.8868887424469,0,1024
cmpl-19f10c62d7e54aa6a99dd37ac25b490e,prefill,156.59136509895325,156.63472270965576,6165,0
cmpl-19f10c62d7e54aa6a99dd37ac25b490e,decode,156.63472270965576,157.12176251411438,0,128
cmpl-e7a4756e7db243ff8c6655aaf7167e20,prefill,153.8214864730835,153.83628511428833,1281,0
cmpl-e7a4756e7db243ff8c6655aaf7167e20,decode,153.83628511428833,157.19583797454834,0,868
cmpl-e14a3362c16c4a0e9f4f0d7e9e0f39a9,prefill,153.37066888809204,153.41246700286865,6006,0
cmpl-e14a3362c16c4a0e9f4f0d7e9e0f39a9,decode,153.41246700286865,157.35971236228943,0,1024
cmpl-38722e596f2a44e99c3bcb0701ea7099,prefill,155.20311450958252,155.22379112243652,2555,0
cmpl-38722e596f2a44e99c3bcb0701ea7099,decode,155.22379112243652,157.66520810127258,0,637
cmpl-e5dfda31fad34b39abf6b03973a30e9f,prefill,154.74580025672913,154.76736497879028,3029,0
cmpl-e5dfda31fad34b39abf6b03973a30e9f,decode,154.76736497879028,158.6583263874054,0,1024
cmpl-580d09c47db64858a9fa5df29bf9aa3f,prefill,156.13048720359802,156.1757209300995,6492,0
cmpl-580d09c47db64858a9fa5df29bf9aa3f,decode,156.1757209300995,158.80981945991516,0,701
cmpl-43b8fead85054e27aa5f69a2548a6154,prefill,157.04607462882996,157.0661358833313,3221,0
cmpl-43b8fead85054e27aa5f69a2548a6154,decode,157.0661358833313,159.09633827209473,0,557
cmpl-debe9831afd54837a9a4e7a0ce744908,prefill,155.66264724731445,155.68053030967712,1881,0
cmpl-debe9831afd54837a9a4e7a0ce744908,decode,155.68053030967712,159.47694659233093,0,1024
cmpl-139fc4f0553146cd91eef94c4d14c9bd,prefill,157.50746083259583,157.54464673995972,4614,0
cmpl-139fc4f0553146cd91eef94c4d14c9bd,decode,157.54464673995972,159.58669018745422,0,575
cmpl-a82dc583606a4910a8eb7e3ed2194bd7,prefill,160.26629376411438,160.295339345932,4476,0
cmpl-a82dc583606a4910a8eb7e3ed2194bd7,decode,160.295339345932,161.00061345100403,0,211
cmpl-845f3fce9e754aa5935f307156227671,prefill,157.95947003364563,157.97292852401733,730,0
cmpl-845f3fce9e754aa5935f307156227671,decode,157.97292852401733,161.47575426101685,0,1024
cmpl-063466129ecc4d57aae2d4501bee022e,prefill,158.88378953933716,158.88837814331055,253,0
cmpl-063466129ecc4d57aae2d4501bee022e,decode,158.88837814331055,161.97099113464355,0,928
cmpl-8856773ccf004ccda65ece1bde3f26bb,prefill,159.34122395515442,159.35892009735107,1868,0
cmpl-8856773ccf004ccda65ece1bde3f26bb,decode,159.35892009735107,162.7082314491272,0,1024
cmpl-0f87b6d5ed0d4c44b68b8bea0c8eb02e,prefill,159.80062747001648,159.80438232421875,2,0
cmpl-0f87b6d5ed0d4c44b68b8bea0c8eb02e,decode,159.80438232421875,163.1269953250885,0,1024
cmpl-bf957b8eee2648ccb446673a0aea425f,prefill,166.78816294670105,166.8393783569336,7168,0
cmpl-bf957b8eee2648ccb446673a0aea425f,decode,166.8393783569336,167.7623016834259,0,232
cmpl-73d2a858d8be4ab08628b85bdaa31aef,prefill,165.12737584114075,165.16630291938782,5402,0
cmpl-73d2a858d8be4ab08628b85bdaa31aef,decode,165.16630291938782,168.3396852016449,0,849
cmpl-96549bc24fcb48b2b540966453b7c845,prefill,165.94966077804565,165.96891522407532,2377,0
cmpl-96549bc24fcb48b2b540966453b7c845,decode,165.96891522407532,168.51176023483276,0,657
cmpl-de8e042ef5be4921b1f8ef842539d350,prefill,166.37531757354736,166.42003989219666,6450,0
cmpl-de8e042ef5be4921b1f8ef842539d350,decode,166.42003989219666,169.45567226409912,0,777
cmpl-19ea16457f2d4643bbc9b337ecfbfc2e,prefill,165.54165935516357,165.5802755355835,5752,0
cmpl-19ea16457f2d4643bbc9b337ecfbfc2e,decode,165.5802755355835,169.4915943145752,0,1024
cmpl-79a7d0a785e8409aa27feb40cca4a399,prefill,167.20187878608704,167.24430584907532,6042,0
cmpl-79a7d0a785e8409aa27feb40cca4a399,decode,167.24430584907532,170.13283920288086,0,743
cmpl-4fd8bc54030b4af290e1cc47cb4bb792,prefill,167.61692261695862,167.6709382534027,5938,0
cmpl-4fd8bc54030b4af290e1cc47cb4bb792,decode,167.6709382534027,170.3954689502716,0,712
cmpl-39f4b2f18e8e413e829157e67fb635e8,prefill,168.44117951393127,168.46222114562988,3448,0
cmpl-39f4b2f18e8e413e829157e67fb635e8,decode,168.46222114562988,171.70146989822388,0,849
cmpl-bd61c3797d7240c3871f51b947de1789,prefill,168.0291440486908,168.0535764694214,3870,0
cmpl-bd61c3797d7240c3871f51b947de1789,decode,168.0535764694214,172.00349307060242,0,1024
cmpl-70289f1632bc4ad081f42d5d5bfd3d01,prefill,168.85289859771729,168.87687492370605,3620,0
cmpl-70289f1632bc4ad081f42d5d5bfd3d01,decode,168.87687492370605,172.65196180343628,0,966
cmpl-b7b174fb156f48078169b342e14c2395,prefill,170.09159660339355,170.1068778038025,1474,0
cmpl-b7b174fb156f48078169b342e14c2395,decode,170.1068778038025,172.89867329597473,0,710
cmpl-88d6c0021b6f4f21a7603fb6d0c047c7,prefill,169.26750874519348,169.29085278511047,3842,0
cmpl-88d6c0021b6f4f21a7603fb6d0c047c7,decode,169.29085278511047,173.2763707637787,0,1024
cmpl-3ed21a981f764b0eba43747b27758f75,prefill,170.5093126296997,170.5279676914215,2687,0
cmpl-3ed21a981f764b0eba43747b27758f75,decode,170.5279676914215,173.5992877483368,0,783
cmpl-794881039d7a4be7ad1def30fff87c80,prefill,169.67804431915283,169.69935870170593,2452,0
cmpl-794881039d7a4be7ad1def30fff87c80,decode,169.69935870170593,173.67102694511414,0,1024
cmpl-0aec2e056ef240e5aac9124e6e8a2d0a,prefill,170.924081325531,170.94144582748413,2284,0
cmpl-0aec2e056ef240e5aac9124e6e8a2d0a,decode,170.94144582748413,173.7164328098297,0,703
cmpl-ad2d0bd20e32489195b8e4008c4b751e,prefill,171.75866723060608,171.8028392791748,6648,0
cmpl-ad2d0bd20e32489195b8e4008c4b751e,decode,171.8028392791748,174.19039177894592,0,617
cmpl-6873e6592eb04da1bc86f4dcdcfbe024,prefill,173.82548642158508,173.8537790775299,4139,0
cmpl-6873e6592eb04da1bc86f4dcdcfbe024,decode,173.8537790775299,174.9725501537323,0,290
cmpl-3364a962d55e46d58916dd9466314674,prefill,171.34555315971375,171.39318084716797,7168,0
cmpl-3364a962d55e46d58916dd9466314674,decode,171.39318084716797,175.38687205314636,0,1024
cmpl-fe09415c63364a65a01ad150f9051a97,prefill,172.58151841163635,172.60293769836426,3004,0
cmpl-fe09415c63364a65a01ad150f9051a97,decode,172.60293769836426,176.08391046524048,0,929
cmpl-051fab5def8e4c628ac5b3efce562331,prefill,172.17469429969788,172.22159624099731,7168,0
cmpl-051fab5def8e4c628ac5b3efce562331,decode,172.22159624099731,176.0870716571808,0,1024
cmpl-13073b5b5f5640dc9c57323373614d5d,prefill,172.98971939086914,172.99448609352112,139,0
cmpl-13073b5b5f5640dc9c57323373614d5d,decode,172.99448609352112,176.61801671981812,0,988
cmpl-1e991a392c93427ea849aab467a9b5e0,prefill,173.402902841568,173.40722370147705,2,0
cmpl-1e991a392c93427ea849aab467a9b5e0,decode,173.40722370147705,176.65890192985535,0,891
cmpl-a87d7258b0c0401bb669934f653238c0,prefill,174.24319911003113,174.2820029258728,5019,0
cmpl-a87d7258b0c0401bb669934f653238c0,decode,174.2820029258728,177.80548644065857,0,1024
cmpl-64e5c2c6714e43c7bd695fe5ac0c0c3d,prefill,175.06333827972412,175.07689118385315,553,0
cmpl-64e5c2c6714e43c7bd695fe5ac0c0c3d,decode,175.07689118385315,178.43859887123108,0,1024
cmpl-98cb7b54d94b4bfd8083209f11127f10,prefill,181.15256643295288,181.17325234413147,3386,0
cmpl-98cb7b54d94b4bfd8083209f11127f10,decode,181.17325234413147,181.486430644989,0,95
cmpl-e185a8255ac7498da11e84b4a9d94d0a,prefill,181.5308153629303,181.55912256240845,4329,0
cmpl-e185a8255ac7498da11e84b4a9d94d0a,decode,181.55912256240845,181.62560653686523,0,21
cmpl-74ef4b40fc00428ba59c26f5dab644ad,prefill,182.2837779521942,182.303631067276,3062,0
cmpl-74ef4b40fc00428ba59c26f5dab644ad,decode,182.303631067276,182.43795084953308,0,41
cmpl-45f4af774af84a928c9c0eea13de6e5d,prefill,180.39866042137146,180.42038202285767,3415,0
cmpl-45f4af774af84a928c9c0eea13de6e5d,decode,180.42038202285767,182.80150151252747,0,694
cmpl-0887745ca40f402a96767fca51c296eb,prefill,180.77848052978516,180.82263231277466,5886,0
cmpl-0887745ca40f402a96767fca51c296eb,decode,180.82263231277466,184.40622425079346,0,1024
cmpl-bb0f1cb0a75644b8b13ea9cac89348fe,prefill,183.41813039779663,183.44169211387634,3743,0
cmpl-bb0f1cb0a75644b8b13ea9cac89348fe,decode,183.44169211387634,185.29269170761108,0,496
cmpl-beff76ab03df422aa8a216208ba91a2a,prefill,183.0397753715515,183.05942916870117,3216,0
cmpl-beff76ab03df422aa8a216208ba91a2a,decode,183.05942916870117,185.98687386512756,0,786
cmpl-dc208346524447b8a591a97b735d2317,prefill,182.65711331367493,182.6762933731079,658,0
cmpl-dc208346524447b8a591a97b735d2317,decode,182.6762933731079,186.4594967365265,0,1013
cmpl-a08d5d4964ea4ebb94f82010ca6c502a,prefill,183.7984654903412,183.84171056747437,6079,0
cmpl-a08d5d4964ea4ebb94f82010ca6c502a,decode,183.84171056747437,187.29626059532166,0,886
cmpl-a54e9574086a46ac82851d89ef0a7dee,prefill,185.3014373779297,185.31968569755554,2585,0
cmpl-a54e9574086a46ac82851d89ef0a7dee,decode,185.31968569755554,187.58851623535156,0,566
cmpl-185ade3917f14b6bad0fac4e974349aa,prefill,184.92765927314758,184.9680426120758,4787,0
cmpl-185ade3917f14b6bad0fac4e974349aa,decode,184.9680426120758,187.81761693954468,0,718
cmpl-0b9897d63d4d4b9a8725db0ad023ea7d,prefill,184.54384684562683,184.566148519516,3743,0
cmpl-0b9897d63d4d4b9a8725db0ad023ea7d,decode,184.566148519516,187.86974048614502,0,836
cmpl-e4aaae92f74749d99931057a3f99b16f,prefill,184.1702811717987,184.1983482837677,4145,0
cmpl-e4aaae92f74749d99931057a3f99b16f,decode,184.1983482837677,188.2258861064911,0,1024
cmpl-0c513737afce47298a810d2b8c45cc4c,prefill,187.94076919555664,187.96613907814026,3956,0
cmpl-0c513737afce47298a810d2b8c45cc4c,decode,187.96613907814026,188.25963592529297,0,79
cmpl-530b3f1e4a3a4451b14d5a24fae11b75,prefill,186.8096981048584,186.84752774238586,4885,0
cmpl-530b3f1e4a3a4451b14d5a24fae11b75,decode,186.84752774238586,188.64813804626465,0,456
cmpl-2f805d61ba2049eaa83a1fe7e5184c51,prefill,187.56099343299866,187.5818591117859,3017,0
cmpl-2f805d61ba2049eaa83a1fe7e5184c51,decode,187.5818591117859,189.17449855804443,0,411
cmpl-82422f5d3d524a628c734bbd95287bf7,prefill,186.4299521446228,186.44987630844116,3051,0
cmpl-82422f5d3d524a628c734bbd95287bf7,decode,186.44987630844116,189.6034345626831,0,792
cmpl-336b936824794439b9203f566465ca2a,prefill,185.68182134628296,185.71164989471436,4440,0
cmpl-336b936824794439b9203f566465ca2a,decode,185.71164989471436,189.77452778816223,0,1024
cmpl-f9e846b5767244189e81711b15c2a00f,prefill,186.06155014038086,186.10255908966064,5604,0
cmpl-f9e846b5767244189e81711b15c2a00f,decode,186.10255908966064,190.12225461006165,0,1024
cmpl-de68a4d05a964cc899cd7d82bcaf9010,prefill,188.69971299171448,188.74512243270874,6842,0
cmpl-de68a4d05a964cc899cd7d82bcaf9010,decode,188.74512243270874,190.5702030658722,0,494
cmpl-c938a283ed93485093a06b350b43dfff,prefill,187.19011163711548,187.2312662601471,5487,0
cmpl-c938a283ed93485093a06b350b43dfff,decode,187.2312662601471,191.07604384422302,0,1024
cmpl-d960e2a0b5aa4e719d015ca13b75ae14,prefill,188.31079077720642,188.3245644569397,948,0
cmpl-d960e2a0b5aa4e719d015ca13b75ae14,decode,188.3245644569397,191.1309540271759,0,766
cmpl-e7da6616f9334688af10fec770d85609,prefill,189.06456470489502,189.0687119960785,2,0
cmpl-e7da6616f9334688af10fec770d85609,decode,189.0687119960785,192.5896430015564,0,1024
cmpl-ef99a209990947f5846c4d23376294c4,prefill,189.4533336162567,189.50124406814575,7168,0
cmpl-ef99a209990947f5846c4d23376294c4,decode,189.50124406814575,192.75081706047058,0,967
cmpl-db38489e9fbc4a8f8bc24b864e445b50,prefill,194.67112112045288,194.69190382957458,3091,0
cmpl-db38489e9fbc4a8f8bc24b864e445b50,decode,194.69190382957458,195.25643396377563,0,180
cmpl-72948e051adc4cf883d773b622234a70,prefill,195.36531734466553,195.39462184906006,4564,0
cmpl-72948e051adc4cf883d773b622234a70,decode,195.39462184906006,197.5763704776764,0,602
cmpl-3bcd329717644355b784fb0b7fdcffd9,prefill,197.09412622451782,197.11520886421204,3428,0
cmpl-3bcd329717644355b784fb0b7fdcffd9,decode,197.11520886421204,197.6772964000702,0,157
cmpl-85998cdfccd7483b97bdf377d331a41b,prefill,197.43370938301086,197.4377679824829,2,0
cmpl-85998cdfccd7483b97bdf377d331a41b,decode,197.4377679824829,198.42450141906738,0,261
cmpl-a6dd5f8b783a4eebaf0d9170936ffb5b,prefill,196.049578666687,196.0533721446991,2,0
cmpl-a6dd5f8b783a4eebaf0d9170936ffb5b,decode,196.0533721446991,198.5315957069397,0,660
cmpl-212c96df0ec240a3b9e383be38bad930,prefill,195.0097689628601,195.01344394683838,2,0
cmpl-212c96df0ec240a3b9e383be38bad930,decode,195.01344394683838,198.7530860900879,0,1024
cmpl-5fbfb0766c9c44dab309abb4aaf2c2b4,prefill,198.13788199424744,198.18612384796143,7168,0
cmpl-5fbfb0766c9c44dab309abb4aaf2c2b4,decode,198.18612384796143,199.12085008621216,0,246
cmpl-078ad3a2cf76452ab9b6d22c44092217,prefill,196.7449173927307,196.76713371276855,2331,0
cmpl-078ad3a2cf76452ab9b6d22c44092217,decode,196.76713371276855,199.32024788856506,0,675
cmpl-c731779e212846378a6e931aa7dc31ae,prefill,198.47287321090698,198.4895384311676,1778,0
cmpl-c731779e212846378a6e931aa7dc31ae,decode,198.4895384311676,199.32353043556213,0,219
cmpl-c236136301144871bec0c3e35479268a,prefill,195.71323370933533,195.75731563568115,6297,0
cmpl-c236136301144871bec0c3e35479268a,decode,195.75731563568115,199.56225681304932,0,1024
cmpl-1dea0b06e736406f804ed619360acc38,prefill,197.7836034297943,197.79988145828247,1979,0
cmpl-1dea0b06e736406f804ed619360acc38,decode,197.79988145828247,200.0311939716339,0,596
cmpl-2d3cedb34adb4f3d8f91f368571b845a,prefill,196.40712356567383,196.45374941825867,7168,0
cmpl-2d3cedb34adb4f3d8f91f368571b845a,decode,196.45374941825867,200.26162910461426,0,1024
cmpl-debf013c46f84d19968fde909586b37f,prefill,199.1656630039215,199.18590831756592,2968,0
cmpl-debf013c46f84d19968fde909586b37f,decode,199.18590831756592,203.018958568573,0,1024
cmpl-11836bff8a644baca4055f7c386be3bb,prefill,199.5062291622162,199.51018953323364,2,0
cmpl-11836bff8a644baca4055f7c386be3bb,decode,199.51018953323364,203.34324193000793,0,1016
cmpl-62f4eb4f7508497d979c9e2f6bd90b5b,prefill,200.90211129188538,200.9417872428894,5575,0
cmpl-62f4eb4f7508497d979c9e2f6bd90b5b,decode,200.9417872428894,203.43732166290283,0,643
cmpl-93482d06c8c34c18b7f0bea50108c1a9,prefill,201.2461540699005,201.2834677696228,4851,0
cmpl-93482d06c8c34c18b7f0bea50108c1a9,decode,201.2834677696228,203.72107195854187,0,632
cmpl-b89cb8741d7948b8a339bbf684378006,prefill,199.85986876487732,199.88167476654053,3461,0
cmpl-b89cb8741d7948b8a339bbf684378006,decode,199.88167476654053,203.75331258773804,0,1024
cmpl-53005db99c704902989b4e0ad586aefc,prefill,200.20095825195312,200.21647024154663,1556,0
cmpl-53005db99c704902989b4e0ad586aefc,decode,200.21647024154663,204.08449006080627,0,1024
cmpl-b44f7f1f7578424fa79a96eb21cb3efd,prefill,200.55429935455322,200.57775783538818,3681,0
cmpl-b44f7f1f7578424fa79a96eb21cb3efd,decode,200.57775783538818,204.43868231773376,0,1024
cmpl-7b66d903fd804b0a82ebd6d5ec56c36b,prefill,202.2796790599823,202.29563426971436,1972,0
cmpl-7b66d903fd804b0a82ebd6d5ec56c36b,decode,202.29563426971436,205.1279377937317,0,772
cmpl-735b84bf39f84b36b80759df401eb481,prefill,201.58305191993713,201.58714294433594,2,0
cmpl-735b84bf39f84b36b80759df401eb481,decode,201.58714294433594,205.34674048423767,0,1024
cmpl-721b6c4c917642229c39ec149e3f5d74,prefill,201.93562197685242,201.95666074752808,3329,0
cmpl-721b6c4c917642229c39ec149e3f5d74,decode,201.95666074752808,205.66388750076294,0,1024
cmpl-96c701d44eac462ab0d71386e8662f32,prefill,202.6316261291504,202.67746353149414,6841,0
cmpl-96c701d44eac462ab0d71386e8662f32,decode,202.67746353149414,206.23993182182312,0,1024
